Make,Model,Type,Origin,DriveTrain,MSRP,Invoice,EngineSize,Cylinders,Horsepower,MPG_City,MPG_Highway,Weight,Wheelbase,Length
Acura,MDX,SUV,Asia,All,36945.0,33337.0,3.5,6.0,265,17,23,4451,106,189
Acura,RSX Type S 2dr,Sedan,Asia,Front,23820.0,21761.0,2.0,4.0,200,24,31,2778,101,172
Acura,TSX 4dr,Sedan,Asia,Front,26990.0,24647.0,2.4,4.0,200,22,29,3230,105,183
Acura,TL 4dr,Sedan,Asia,Front,33195.0,30299.0,3.2,6.0,270,20,28,3575,108,186
Acura,3.5 RL 4dr,Sedan,Asia,Front,43755.0,39014.0,3.5,6.0,225,18,24,3880,115,197
Acura,3.5 RL w/Navigation 4dr,Sedan,Asia,Front,46100.0,41100.0,3.5,6.0,225,18,24,3893,115,197
Acura,NSX coupe 2dr manual S,Sports,Asia,Rear,89765.0,79978.0,3.2,6.0,290,17,24,3153,100,174
Audi,A4 1.8T 4dr,Sedan,Europe,Front,25940.0,23508.0,1.8,4.0,170,22,31,3252,104,179
Audi,A41.8T convertible 2dr,Sedan,Europe,Front,35940.0,32506.0,1.8,4.0,170,23,30,3638,105,180
Audi,A4 3.0 4dr,Sedan,Europe,Front,31840.0,28846.0,3.0,6.0,220,20,28,3462,104,179
Audi,A4 3.0 Quattro 4dr manual,Sedan,Europe,All,33430.0,30366.0,3.0,6.0,220,17,26,3583,104,179
Audi,A4 3.0 Quattro 4dr auto,Sedan,Europe,All,34480.0,31388.0,3.0,6.0,220,18,25,3627,104,179
Audi,A6 3.0 4dr,Sedan,Europe,Front,36640.0,33129.0,3.0,6.0,220,20,27,3561,109,192
Audi,A6 3.0 Quattro 4dr,Sedan,Europe,All,39640.0,35992.0,3.0,6.0,220,18,25,3880,109,192
Audi,A4 3.0 convertible 2dr,Sedan,Europe,Front,42490.0,38325.0,3.0,6.0,220,20,27,3814,105,180
Audi,A4 3.0 Quattro convertible 2dr,Sedan,Europe,All,44240.0,40075.0,3.0,6.0,220,18,25,4013,105,180
Audi,A6 2.7 Turbo Quattro 4dr,Sedan,Europe,All,42840.0,38840.0,2.7,6.0,250,18,25,3836,109,192
Audi,A6 4.2 Quattro 4dr,Sedan,Europe,All,49690.0,44936.0,4.2,8.0,300,17,24,4024,109,193
Audi,A8 L Quattro 4dr,Sedan,Europe,All,69190.0,64740.0,4.2,8.0,330,17,24,4399,121,204
Audi,S4 Quattro 4dr,Sedan,Europe,All,48040.0,43556.0,4.2,8.0,340,14,20,3825,104,179
Audi,RS 6 4dr,Sports,Europe,Front,84600.0,76417.0,4.2,8.0,450,15,22,4024,109,191
Audi,TT 1.8 convertible 2dr (coupe),Sports,Europe,Front,35940.0,32512.0,1.8,4.0,180,20,28,3131,95,159
Audi,TT 1.8 Quattro 2dr (convertible),Sports,Europe,All,37390.0,33891.0,1.8,4.0,225,20,28,2921,96,159
Audi,TT 3.2 coupe 2dr (convertible),Sports,Europe,All,40590.0,36739.0,3.2,6.0,250,21,29,3351,96,159
Audi,A6 3.0 Avant Quattro,Wagon,Europe,All,40840.0,37060.0,3.0,6.0,220,18,25,4035,109,192
Audi,S4 Avant Quattro,Wagon,Europe,All,49090.0,44446.0,4.2,8.0,340,15,21,3936,104,179
BMW,X3 3.0i,SUV,Europe,All,37000.0,33873.0,3.0,6.0,225,16,23,4023,110,180
BMW,X5 4.4i,SUV,Europe,All,52195.0,47720.0,4.4,8.0,325,16,22,4824,111,184
BMW,325i 4dr,Sedan,Europe,Rear,28495.0,26155.0,2.5,6.0,184,20,29,3219,107,176
BMW,325Ci 2dr,Sedan,Europe,Rear,30795.0,28245.0,2.5,6.0,184,20,29,3197,107,177
BMW,325Ci convertible 2dr,Sedan,Europe,Rear,37995.0,34800.0,2.5,6.0,184,19,27,3560,107,177
BMW,325xi 4dr,Sedan,Europe,All,30245.0,27745.0,2.5,6.0,184,19,27,3461,107,176
BMW,330i 4dr,Sedan,Europe,Rear,35495.0,32525.0,3.0,6.0,225,20,30,3285,107,176
BMW,330Ci 2dr,Sedan,Europe,Rear,36995.0,33890.0,3.0,6.0,225,20,30,3285,107,176
BMW,330xi 4dr,Sedan,Europe,All,37245.0,34115.0,3.0,6.0,225,20,29,3483,107,176
BMW,525i 4dr,Sedan,Europe,Rear,39995.0,36620.0,2.5,6.0,184,19,28,3428,114,191
BMW,330Ci convertible 2dr,Sedan,Europe,Rear,44295.0,40530.0,3.0,6.0,225,19,28,3616,107,177
BMW,530i 4dr,Sedan,Europe,Rear,44995.0,41170.0,3.0,6.0,225,20,30,3472,114,191
BMW,545iA 4dr,Sedan,Europe,Rear,54995.0,50270.0,4.4,8.0,325,18,26,3814,114,191
BMW,745i 4dr,Sedan,Europe,Rear,69195.0,63190.0,4.4,8.0,325,18,26,4376,118,198
BMW,745Li 4dr,Sedan,Europe,Rear,73195.0,66830.0,4.4,8.0,325,18,26,4464,123,204
BMW,M3 coupe 2dr,Sports,Europe,Rear,48195.0,44170.0,3.2,6.0,333,16,24,3415,108,177
BMW,M3 convertible 2dr,Sports,Europe,Rear,56595.0,51815.0,3.2,6.0,333,16,23,3781,108,177
BMW,Z4 convertible 2.5i 2dr,Sports,Europe,Rear,33895.0,31065.0,2.5,6.0,184,20,28,2932,98,161
BMW,Z4 convertible 3.0i 2dr,Sports,Europe,Rear,41045.0,37575.0,3.0,6.0,225,21,29,2998,98,161
BMW,325xi Sport,Wagon,Europe,All,32845.0,30110.0,2.5,6.0,184,19,26,3594,107,176
Buick,Rainier,SUV,USA,All,37895.0,34357.0,4.2,6.0,275,15,21,4600,113,193
Buick,Rendezvous CX,SUV,USA,Front,26545.0,24085.0,3.4,6.0,185,19,26,4024,112,187
Buick,Century Custom 4dr,Sedan,USA,Front,22180.0,20351.0,3.1,6.0,175,20,30,3353,109,195
Buick,LeSabre Custom 4dr,Sedan,USA,Front,26470.0,24282.0,3.8,6.0,205,20,29,3567,112,200
Buick,Regal LS 4dr,Sedan,USA,Front,24895.0,22835.0,3.8,6.0,200,20,30,3461,109,196
Buick,Regal GS 4dr,Sedan,USA,Front,28345.0,26047.0,3.8,6.0,240,18,28,3536,109,196
Buick,LeSabre Limited 4dr,Sedan,USA,Front,32245.0,29566.0,3.8,6.0,205,20,29,3591,112,200
Buick,Park Avenue 4dr,Sedan,USA,Front,35545.0,32244.0,3.8,6.0,205,20,29,3778,114,207
Buick,Park Avenue Ultra 4dr,Sedan,USA,Front,40720.0,36927.0,3.8,6.0,240,18,28,3909,114,207
Cadillac,Escalade,SUV,USA,Front,52795.0,48377.0,5.3,8.0,295,14,18,5367,116,199
Cadillac,SRX V8,SUV,USA,Front,46995.0,43523.0,4.6,8.0,320,16,21,4302,116,195
Cadillac,CTS VVT 4dr,Sedan,USA,Rear,30835.0,28575.0,3.6,6.0,255,18,25,3694,113,190
Cadillac,Deville 4dr,Sedan,USA,Front,45445.0,41650.0,4.6,8.0,275,18,26,3984,115,207
Cadillac,Deville DTS 4dr,Sedan,USA,Front,50595.0,46362.0,4.6,8.0,300,18,26,4044,115,207
Cadillac,Seville SLS 4dr,Sedan,USA,Front,47955.0,43841.0,4.6,8.0,275,18,26,3992,112,201
Cadillac,XLR convertible 2dr,Sports,USA,Rear,76200.0,70546.0,4.6,8.0,320,17,25,3647,106,178
Cadillac,Escalade EXT,Truck,USA,All,52975.0,48541.0,6.0,8.0,345,13,17,5879,130,221
Chevrolet,Suburban 1500 LT,SUV,USA,Front,42735.0,37422.0,5.3,8.0,295,14,18,4947,130,219
Chevrolet,Tahoe LT,SUV,USA,All,41465.0,36287.0,5.3,8.0,295,14,18,5050,116,197
Chevrolet,TrailBlazer LT,SUV,USA,Front,30295.0,27479.0,4.2,6.0,275,16,21,4425,113,192
Chevrolet,Tracker,SUV,USA,Front,20255.0,19108.0,2.5,6.0,165,19,22,2866,98,163
Chevrolet,Aveo 4dr,Sedan,USA,Front,11690.0,10965.0,1.6,4.0,103,28,34,2370,98,167
Chevrolet,Aveo LS 4dr hatch,Sedan,USA,Front,12585.0,11802.0,1.6,4.0,103,28,34,2348,98,153
Chevrolet,Cavalier 2dr,Sedan,USA,Front,14610.0,13697.0,2.2,4.0,140,26,37,2617,104,183
Chevrolet,Cavalier 4dr,Sedan,USA,Front,14810.0,13884.0,2.2,4.0,140,26,37,2676,104,183
Chevrolet,Cavalier LS 2dr,Sedan,USA,Front,16385.0,15357.0,2.2,4.0,140,26,37,2617,104,183
Chevrolet,Impala 4dr,Sedan,USA,Front,21900.0,20095.0,3.4,6.0,180,21,32,3465,111,200
Chevrolet,Malibu 4dr,Sedan,USA,Front,18995.0,17434.0,2.2,4.0,145,24,34,3174,106,188
Chevrolet,Malibu LS 4dr,Sedan,USA,Front,20370.0,18639.0,3.5,6.0,200,22,30,3297,106,188
Chevrolet,Monte Carlo LS 2dr,Sedan,USA,Front,21825.0,20026.0,3.4,6.0,180,21,32,3340,111,198
Chevrolet,Impala LS 4dr,Sedan,USA,Front,25000.0,22931.0,3.8,6.0,200,20,30,3476,111,200
Chevrolet,Impala SS 4dr,Sedan,USA,Front,27995.0,25672.0,3.8,6.0,240,18,28,3606,111,200
Chevrolet,Malibu LT 4dr,Sedan,USA,Front,23495.0,21551.0,3.5,6.0,200,23,32,3315,106,188
Chevrolet,Monte Carlo SS 2dr,Sedan,USA,Front,24225.0,22222.0,3.8,6.0,200,18,28,3434,111,198
Chevrolet,Astro,Sedan,USA,All,26395.0,23954.0,4.3,6.0,190,14,17,4605,111,190
Chevrolet,Venture LS,Sedan,USA,Front,27020.0,24518.0,3.4,6.0,185,19,26,3699,112,187
Chevrolet,Corvette 2dr,Sports,USA,Rear,44535.0,39068.0,5.7,8.0,350,18,25,3246,105,180
Chevrolet,Corvette convertible 2dr,Sports,USA,Rear,51535.0,45193.0,5.7,8.0,350,18,25,3248,105,180
Chevrolet,Avalanche 1500,Truck,USA,All,36100.0,31689.0,5.3,8.0,295,14,18,5678,130,222
Chevrolet,Colorado Z85,Truck,USA,All,18760.0,17070.0,2.8,4.0,175,18,23,3623,111,192
Chevrolet,Silverado 1500 Regular Cab,Truck,USA,Rear,20310.0,18480.0,4.3,6.0,200,15,21,4142,119,206
Chevrolet,Silverado SS,Truck,USA,All,40340.0,35399.0,6.0,8.0,300,13,17,4804,144,238
Chevrolet,SSR,Truck,USA,Rear,41995.0,39306.0,5.3,8.0,300,16,19,4760,116,191
Chevrolet,Malibu Maxx LS,Wagon,USA,Front,22225.0,20394.0,3.5,6.0,200,22,30,3458,112,188
Chrysler,PT Cruiser 4dr,Sedan,USA,Front,17985.0,16919.0,2.4,4.0,150,22,29,3101,103,169
Chrysler,PT Cruiser Limited 4dr,Sedan,USA,Front,22000.0,20573.0,2.4,4.0,150,22,29,3105,103,169
Chrysler,Sebring 4dr,Sedan,USA,Front,19090.0,17805.0,2.4,4.0,150,22,30,3173,108,191
Chrysler,Sebring Touring 4dr,Sedan,USA,Front,21840.0,20284.0,2.7,6.0,200,21,28,3222,108,191
Chrysler,300M 4dr,Sedan,USA,Front,29865.0,27797.0,3.5,6.0,250,18,27,3581,113,198
Chrysler,Concorde LX 4dr,Sedan,USA,Front,24130.0,22452.0,2.7,6.0,200,21,29,3479,113,208
Chrysler,Concorde LXi 4dr,Sedan,USA,Front,26860.0,24909.0,3.5,6.0,232,19,27,3548,113,208
Chrysler,PT Cruiser GT 4dr,Sedan,USA,Front,25955.0,24172.0,2.4,4.0,220,21,27,3217,103,169
Chrysler,Sebring convertible 2dr,Sedan,USA,Front,25215.0,23451.0,2.4,4.0,150,22,30,3357,106,194
Chrysler,300M Special Edition 4dr,Sedan,USA,Front,33295.0,30884.0,3.5,6.0,255,18,27,3650,113,198
Chrysler,Sebring Limited convertible 2dr,Sedan,USA,Front,30950.0,28613.0,2.7,6.0,200,21,28,3448,106,194
Chrysler,Town and Country LX,Sedan,USA,Front,27490.0,25371.0,3.3,6.0,180,19,26,4068,119,201
Chrysler,Town and Country Limited,Sedan,USA,Front,38380.0,35063.0,3.8,6.0,215,18,25,4331,119,201
Chrysler,Crossfire 2dr,Sports,USA,Rear,34495.0,32033.0,3.2,6.0,215,17,25,3060,95,160
Chrysler,Pacifica,Wagon,USA,Rear,31230.0,28725.0,3.5,6.0,250,17,23,4675,116,199
Dodge,Durango SLT,SUV,USA,All,32235.0,29472.0,4.7,8.0,230,15,21,4987,119,201
Dodge,Neon SE 4dr,Sedan,USA,Front,13670.0,12849.0,2.0,4.0,132,29,36,2581,105,174
Dodge,Neon SXT 4dr,Sedan,USA,Front,15040.0,14086.0,2.0,4.0,132,29,36,2626,105,174
Dodge,Intrepid SE 4dr,Sedan,USA,Front,22035.0,20502.0,2.7,6.0,200,21,29,3469,113,204
Dodge,Stratus SXT 4dr,Sedan,USA,Front,18820.0,17512.0,2.4,4.0,150,21,28,3182,108,191
Dodge,Stratus SE 4dr,Sedan,USA,Front,20220.0,18821.0,2.4,4.0,150,21,28,3175,108,191
Dodge,Intrepid ES 4dr,Sedan,USA,Front,24885.0,23058.0,3.5,6.0,232,18,27,3487,113,204
Dodge,Caravan SE,Sedan,USA,Front,21795.0,20508.0,2.4,4.0,150,20,26,3862,113,189
Dodge,Grand Caravan SXT,Sedan,USA,All,32660.0,29812.0,3.8,6.0,215,18,25,4440,119,201
Dodge,Viper SRT-10 convertible 2dr,Sports,USA,Rear,81795.0,74451.0,8.3,10.0,500,12,20,3410,99,176
Dodge,Dakota Regular Cab,Truck,USA,Rear,17630.0,16264.0,3.7,6.0,210,16,22,3714,112,193
Dodge,Dakota Club Cab,Truck,USA,Rear,20300.0,18670.0,3.7,6.0,210,16,22,3829,131,219
Dodge,Ram 1500 Regular Cab ST,Truck,USA,Rear,20215.0,18076.0,3.7,6.0,215,16,21,4542,121,208
Ford,Excursion 6.8 XLT,SUV,USA,All,41475.0,36494.0,6.8,10.0,310,10,13,7190,137,227
Ford,Expedition 4.6 XLT,SUV,USA,Front,34560.0,30468.0,4.6,8.0,232,15,19,5000,119,206
Ford,Explorer XLT V6,SUV,USA,All,29670.0,26983.0,4.0,6.0,210,15,20,4463,114,190
Ford,Escape XLS,SUV,USA,All,22515.0,20907.0,3.0,6.0,201,18,23,3346,103,173
Ford,Focus ZX3 2dr hatch,Sedan,USA,Front,13270.0,12482.0,2.0,4.0,130,26,33,2612,103,168
Ford,Focus LX 4dr,Sedan,USA,Front,13730.0,12906.0,2.0,4.0,110,27,36,2606,103,168
Ford,Focus SE 4dr,Sedan,USA,Front,15460.0,14496.0,2.0,4.0,130,26,33,2606,103,168
Ford,Focus ZX5 5dr,Sedan,USA,Front,15580.0,14607.0,2.0,4.0,130,26,33,2691,103,168
Ford,Focus SVT 2dr,Sedan,USA,Front,19135.0,17878.0,2.0,4.0,170,21,28,2750,103,168
Ford,Taurus LX 4dr,Sedan,USA,Front,20320.0,18881.0,3.0,6.0,155,20,27,3306,109,198
Ford,Taurus SES Duratec 4dr,Sedan,USA,Front,22735.0,20857.0,3.0,6.0,201,19,26,3313,109,198
Ford,Crown Victoria 4dr,Sedan,USA,Rear,24345.0,22856.0,4.6,8.0,224,17,25,4057,115,212
Ford,Crown Victoria LX 4dr,Sedan,USA,Rear,27370.0,25105.0,4.6,8.0,224,17,25,4057,115,212
Ford,Crown Victoria LX Sport 4dr,Sedan,USA,Rear,30315.0,27756.0,4.6,8.0,239,17,25,4057,115,212
Ford,Freestar SE,Sedan,USA,Front,26930.0,24498.0,3.9,6.0,193,17,23,4275,121,201
Ford,Mustang 2dr (convertible),Sports,USA,Rear,18345.0,16943.0,3.8,6.0,193,20,29,3290,101,183
Ford,Mustang GT Premium convertible 2dr,Sports,USA,Rear,29380.0,26875.0,4.6,8.0,260,17,25,3347,101,183
Ford,Thunderbird Deluxe convert w/hardtop 2d,Sports,USA,Front,37530.0,34483.0,3.9,8.0,280,17,24,3780,107,186
Ford,F-150 Regular Cab XL,Truck,USA,Rear,22010.0,19490.0,4.6,8.0,231,15,19,4788,126,211
Ford,F-150 Supercab Lariat,Truck,USA,All,33540.0,29405.0,5.4,8.0,300,14,18,5464,133,218
Ford,Ranger 2.3 XL Regular Cab,Truck,USA,Rear,14385.0,13717.0,2.3,4.0,143,24,29,3028,111,188
Ford,Focus ZTW,Wagon,USA,Front,17475.0,16375.0,2.0,4.0,130,26,33,2702,103,178
Ford,Taurus SE,Wagon,USA,Front,22290.0,20457.0,3.0,6.0,155,19,26,3497,109,198
GMC,Envoy XUV SLE,SUV,USA,Front,31890.0,28922.0,4.2,6.0,275,15,19,4945,129,208
GMC,Yukon 1500 SLE,SUV,USA,Front,35725.0,31361.0,4.8,8.0,285,16,19,5042,116,199
GMC,Yukon XL 2500 SLT,SUV,USA,All,46265.0,40534.0,6.0,8.0,325,13,17,6133,130,219
GMC,Safari SLE,Sedan,USA,Rear,25640.0,23215.0,4.3,6.0,190,16,20,4309,111,190
GMC,Canyon Z85 SL Regular Cab,Truck,USA,Rear,16530.0,14877.0,2.8,4.0,175,18,25,3351,111,192
GMC,Sierra Extended Cab 1500,Truck,USA,Rear,25717.0,22604.0,4.8,8.0,285,17,20,4548,144,230
GMC,Sierra HD 2500,Truck,USA,All,29322.0,25759.0,6.0,8.0,300,13,18,5440,133,222
GMC,Sonoma Crew Cab,Truck,USA,All,25395.0,23043.0,4.3,6.0,190,15,19,4083,123,208
Honda,Civic Hybrid 4dr manual (gas/electric),Hybrid,Asia,Front,20140.0,18451.0,1.4,4.0,93,46,51,2732,103,175
Honda,Insight 2dr (gas/electric),Hybrid,Asia,Front,19110.0,17911.0,2.0,3.0,73,60,66,1850,95,155
Honda,Pilot LX,SUV,Asia,All,27560.0,24843.0,3.5,6.0,240,17,22,4387,106,188
Honda,CR-V LX,SUV,Asia,All,19860.0,18419.0,2.4,4.0,160,21,25,3258,103,179
Honda,Element LX,SUV,Asia,All,18690.0,17334.0,2.4,4.0,160,21,24,3468,101,167
Honda,Civic DX 2dr,Sedan,Asia,Front,13270.0,12175.0,1.7,4.0,115,32,38,2432,103,175
Honda,Civic HX 2dr,Sedan,Asia,Front,14170.0,12996.0,1.7,4.0,117,36,44,2500,103,175
Honda,Civic LX 4dr,Sedan,Asia,Front,15850.0,14531.0,1.7,4.0,115,32,38,2513,103,175
Honda,Accord LX 2dr,Sedan,Asia,Front,19860.0,17924.0,2.4,4.0,160,26,34,2994,105,188
Honda,Accord EX 2dr,Sedan,Asia,Front,22260.0,20080.0,2.4,4.0,160,26,34,3047,105,188
Honda,Civic EX 4dr,Sedan,Asia,Front,17750.0,16265.0,1.7,4.0,127,32,37,2601,103,175
Honda,Civic Si 2dr hatch,Sedan,Asia,Front,19490.0,17849.0,2.0,4.0,160,26,30,2782,101,166
Honda,Accord LX V6 4dr,Sedan,Asia,Front,23760.0,21428.0,3.0,6.0,240,21,30,3349,108,190
Honda,Accord EX V6 2dr,Sedan,Asia,Front,26960.0,24304.0,3.0,6.0,240,21,30,3294,105,188
Honda,Odyssey LX,Sedan,Asia,Front,24950.0,22498.0,3.5,6.0,240,18,25,4310,118,201
Honda,Odyssey EX,Sedan,Asia,Front,27450.0,24744.0,3.5,6.0,240,18,25,4365,118,201
Honda,S2000 convertible 2dr,Sports,Asia,Rear,33260.0,29965.0,2.2,4.0,240,20,25,2835,95,162
Hummer,H2,SUV,USA,All,49995.0,45815.0,6.0,8.0,316,10,12,6400,123,190
Hyundai,Santa Fe GLS,SUV,Asia,Front,21589.0,20201.0,2.7,6.0,173,20,26,3549,103,177
Hyundai,Accent 2dr hatch,Sedan,Asia,Front,10539.0,10107.0,1.6,4.0,103,29,33,2255,96,167
Hyundai,Accent GL 4dr,Sedan,Asia,Front,11839.0,11116.0,1.6,4.0,103,29,33,2290,96,167
Hyundai,Accent GT 2dr hatch,Sedan,Asia,Front,11939.0,11209.0,1.6,4.0,103,29,33,2339,96,167
Hyundai,Elantra GLS 4dr,Sedan,Asia,Front,13839.0,12781.0,2.0,4.0,138,26,34,2635,103,178
Hyundai,Elantra GT 4dr,Sedan,Asia,Front,15389.0,14207.0,2.0,4.0,138,26,34,2635,103,178
Hyundai,Elantra GT 4dr hatch,Sedan,Asia,Front,15389.0,14207.0,2.0,4.0,138,26,34,2698,103,178
Hyundai,Sonata GLS 4dr,Sedan,Asia,Front,19339.0,17574.0,2.7,6.0,170,19,27,3217,106,187
Hyundai,Sonata LX 4dr,Sedan,Asia,Front,20339.0,18380.0,2.7,6.0,170,19,27,3217,106,187
Hyundai,XG350 4dr,Sedan,Asia,Front,24589.0,22055.0,3.5,6.0,194,17,26,3651,108,192
Hyundai,XG350 L 4dr,Sedan,Asia,Front,26189.0,23486.0,3.5,6.0,194,17,26,3651,108,192
Hyundai,Tiburon GT V6 2dr,Sports,Asia,Front,18739.0,17101.0,2.7,6.0,172,19,26,3023,100,173
Infiniti,G35 4dr,Sedan,Asia,Rear,28495.0,26157.0,3.5,6.0,260,18,26,3336,112,187
Infiniti,G35 Sport Coupe 2dr,Sedan,Asia,Rear,29795.0,27536.0,3.5,6.0,280,18,26,3416,112,182
Infiniti,G35 4dr,Sedan,Asia,All,32445.0,29783.0,3.5,6.0,260,18,26,3677,112,187
Infiniti,I35 4dr,Sedan,Asia,Front,31145.0,28320.0,3.5,6.0,255,19,26,3306,108,194
Infiniti,M45 4dr,Sedan,Asia,Rear,42845.0,38792.0,4.5,8.0,340,17,23,3851,110,197
Infiniti,Q45 Luxury 4dr,Sedan,Asia,Rear,52545.0,47575.0,4.5,8.0,340,17,23,3977,113,200
Infiniti,FX35,Wagon,Asia,Rear,34895.0,31756.0,3.5,6.0,280,16,22,4056,112,189
Infiniti,FX45,Wagon,Asia,All,36395.0,33121.0,4.5,8.0,315,15,19,4309,112,189
Isuzu,Ascender S,SUV,Asia,All,31849.0,29977.0,4.2,6.0,275,15,20,4967,129,208
Isuzu,Rodeo S,SUV,Asia,Front,20449.0,19261.0,3.2,6.0,193,17,21,3836,106,178
Jaguar,X-Type 2.5 4dr,Sedan,Europe,All,29995.0,27355.0,2.5,6.0,192,18,26,3428,107,184
Jaguar,X-Type 3.0 4dr,Sedan,Europe,All,33995.0,30995.0,3.0,6.0,227,18,25,3516,107,184
Jaguar,S-Type 3.0 4dr,Sedan,Europe,Rear,43895.0,40004.0,3.0,6.0,235,18,26,3777,115,192
Jaguar,S-Type 4.2 4dr,Sedan,Europe,Rear,49995.0,45556.0,4.2,8.0,294,18,28,3874,115,192
Jaguar,S-Type R 4dr,Sedan,Europe,Rear,63120.0,57499.0,4.2,8.0,390,17,24,4046,115,192
Jaguar,Vanden Plas 4dr,Sedan,Europe,Rear,68995.0,62846.0,4.2,8.0,294,18,28,3803,119,200
Jaguar,XJ8 4dr,Sedan,Europe,Rear,59995.0,54656.0,4.2,8.0,294,18,28,3803,119,200
Jaguar,XJR 4dr,Sedan,Europe,Rear,74995.0,68306.0,4.2,8.0,390,17,24,3948,119,200
Jaguar,XK8 coupe 2dr,Sports,Europe,Rear,69995.0,63756.0,4.2,8.0,294,18,26,3779,102,187
Jaguar,XK8 convertible 2dr,Sports,Europe,Rear,74995.0,68306.0,4.2,8.0,294,18,26,3980,102,187
Jaguar,XKR coupe 2dr,Sports,Europe,Rear,81995.0,74676.0,4.2,8.0,390,16,23,3865,102,187
Jaguar,XKR convertible 2dr,Sports,Europe,Rear,86995.0,79226.0,4.2,8.0,390,16,23,4042,102,187
Jeep,Grand Cherokee Laredo,SUV,USA,Front,27905.0,25686.0,4.0,6.0,195,16,21,3790,106,181
Jeep,Liberty Sport,SUV,USA,All,20130.0,18973.0,2.4,4.0,150,20,24,3826,104,174
Jeep,Wrangler Sahara convertible 2dr,SUV,USA,All,25520.0,23275.0,4.0,6.0,190,16,19,3575,93,150
Kia,Sorento LX,SUV,Asia,Front,19635.0,18630.0,3.5,6.0,192,16,19,4112,107,180
Kia,Optima LX 4dr,Sedan,Asia,Front,16040.0,14910.0,2.4,4.0,138,23,30,3281,106,186
Kia,Rio 4dr manual,Sedan,Asia,Front,10280.0,9875.0,1.6,4.0,104,26,33,2403,95,167
Kia,Rio 4dr auto,Sedan,Asia,Front,11155.0,10705.0,1.6,4.0,104,25,32,2458,95,167
Kia,Spectra 4dr,Sedan,Asia,Front,12360.0,11630.0,1.8,4.0,124,24,32,2661,101,178
Kia,Spectra GS 4dr hatch,Sedan,Asia,Front,13580.0,12830.0,1.8,4.0,124,24,32,2686,101,178
Kia,Spectra GSX 4dr hatch,Sedan,Asia,Front,14630.0,13790.0,1.8,4.0,124,24,32,2697,101,178
Kia,Optima LX V6 4dr,Sedan,Asia,Front,18435.0,16850.0,2.7,6.0,170,20,27,3279,106,186
Kia,Amanti 4dr,Sedan,Asia,Front,26000.0,23764.0,3.5,6.0,195,17,25,4021,110,196
Kia,Sedona LX,Sedan,Asia,Front,20615.0,19400.0,3.5,6.0,195,16,22,4802,115,194
Kia,Rio Cinco,Wagon,Asia,Front,11905.0,11410.0,1.6,4.0,104,26,33,2447,95,167
Land Rover,Range Rover HSE,SUV,Europe,All,72250.0,65807.0,4.4,8.0,282,12,16,5379,113,195
Land Rover,Discovery SE,SUV,Europe,All,39250.0,35777.0,4.6,8.0,217,12,16,4576,100,185
Land Rover,Freelander SE,SUV,Europe,All,25995.0,23969.0,2.5,6.0,174,18,21,3577,101,175
Lexus,GX 470,SUV,Asia,All,45700.0,39838.0,4.7,8.0,235,15,19,4740,110,188
Lexus,LX 470,SUV,Asia,All,64800.0,56455.0,4.7,8.0,235,13,17,5590,112,193
Lexus,RX 330,SUV,Asia,All,39195.0,34576.0,3.3,6.0,230,18,24,4065,107,186
Lexus,ES 330 4dr,Sedan,Asia,Front,32350.0,28755.0,3.3,6.0,225,20,29,3460,107,191
Lexus,IS 300 4dr manual,Sedan,Asia,Rear,31045.0,27404.0,3.0,6.0,215,18,25,3255,105,177
Lexus,IS 300 4dr auto,Sedan,Asia,Rear,32415.0,28611.0,3.0,6.0,215,18,24,3285,105,177
Lexus,GS 300 4dr,Sedan,Asia,Rear,41010.0,36196.0,3.0,6.0,220,18,25,3649,110,189
Lexus,GS 430 4dr,Sedan,Asia,Rear,48450.0,42232.0,4.3,8.0,300,18,23,3715,110,189
Lexus,LS 430 4dr,Sedan,Asia,Rear,55750.0,48583.0,4.3,8.0,290,18,25,3990,115,197
Lexus,SC 430 convertible 2dr,Sports,Asia,Rear,63200.0,55063.0,4.3,8.0,300,18,23,3840,103,178
Lexus,IS 300 SportCross,Wagon,Asia,Rear,32455.0,28647.0,3.0,6.0,215,18,24,3410,105,177
Lincoln,Navigator Luxury,SUV,USA,All,52775.0,46360.0,5.4,8.0,300,13,18,5969,119,206
Lincoln,Aviator Ultimate,SUV,USA,Front,42915.0,39443.0,4.6,8.0,302,13,18,4834,114,193
Lincoln,LS V6 Luxury 4dr,Sedan,USA,Rear,32495.0,29969.0,3.0,6.0,232,20,26,3681,115,194
Lincoln,LS V6 Premium 4dr,Sedan,USA,Rear,36895.0,33929.0,3.0,6.0,232,20,26,3681,115,194
Lincoln,LS V8 Sport 4dr,Sedan,USA,Rear,40095.0,36809.0,3.9,8.0,280,17,24,3768,115,194
Lincoln,LS V8 Ultimate 4dr,Sedan,USA,Rear,43495.0,39869.0,3.9,8.0,280,17,24,3768,115,194
Lincoln,Town Car Signature 4dr,Sedan,USA,Rear,41815.0,38418.0,4.6,8.0,239,17,25,4369,118,215
Lincoln,Town Car Ultimate 4dr,Sedan,USA,Rear,44925.0,41217.0,4.6,8.0,239,17,25,4369,118,215
Lincoln,Town Car Ultimate L 4dr,Sedan,USA,Rear,50470.0,46208.0,4.6,8.0,239,17,25,4474,124,221
MINI,Cooper,Sedan,Europe,Front,16999.0,15437.0,1.6,4.0,115,28,37,2524,97,143
MINI,Cooper S,Sedan,Europe,Front,19999.0,18137.0,1.6,4.0,163,25,34,2678,97,144
Mazda,Tribute DX 2.0,SUV,Asia,All,21087.0,19742.0,2.0,4.0,130,22,25,3091,103,173
Mazda,Mazda3 i 4dr,Sedan,Asia,Front,15500.0,14525.0,2.0,4.0,148,26,34,2696,104,178
Mazda,Mazda3 s 4dr,Sedan,Asia,Front,17200.0,15922.0,2.3,4.0,160,25,31,2762,104,179
Mazda,Mazda6 i 4dr,Sedan,Asia,Front,19270.0,17817.0,2.3,4.0,160,24,32,3042,105,187
Mazda,MPV ES,Sedan,Asia,Front,28750.0,26600.0,3.0,6.0,200,18,25,3812,112,188
Mazda,MX-5 Miata convertible 2dr,Sports,Asia,Rear,22388.0,20701.0,1.8,4.0,142,23,28,2387,89,156
Mazda,MX-5 Miata LS convertible 2dr,Sports,Asia,Rear,25193.0,23285.0,1.8,4.0,142,23,28,2387,89,156
Mazda,RX-8 4dr automatic,Sports,Asia,Rear,25700.0,23794.0,1.3,5.807511737089202,197,18,25,3053,106,174
Mazda,RX-8 4dr manual,Sports,Asia,Rear,27200.0,25179.0,1.3,5.807511737089202,238,18,24,3029,106,174
Mazda,B2300 SX Regular Cab,Truck,Asia,Rear,14840.0,14070.0,2.3,4.0,143,24,29,2960,112,188
Mazda,B4000 SE Cab Plus,Truck,Asia,All,22350.0,20482.0,4.0,6.0,207,15,19,3571,126,203
Mercedes-Benz,G500,SUV,Europe,All,76870.0,71540.0,5.0,8.0,292,13,14,5423,112,186
Mercedes-Benz,ML500,SUV,Europe,All,46470.0,43268.0,5.0,8.0,288,14,17,4874,111,183
Mercedes-Benz,C230 Sport 2dr,Sedan,Europe,Rear,26060.0,24249.0,1.8,4.0,189,22,30,3250,107,178
Mercedes-Benz,C320 Sport 2dr,Sedan,Europe,Rear,28370.0,26435.0,3.2,6.0,215,19,26,3430,107,178
Mercedes-Benz,C240 4dr,Sedan,Europe,Rear,32280.0,30071.0,2.6,6.0,168,20,25,3360,107,178
Mercedes-Benz,C240 4dr,Sedan,Europe,All,33480.0,31187.0,2.6,6.0,168,19,25,3360,107,178
Mercedes-Benz,C320 Sport 4dr,Sedan,Europe,Rear,35920.0,33456.0,3.2,6.0,215,19,26,3430,107,178
Mercedes-Benz,C320 4dr,Sedan,Europe,Rear,37630.0,35046.0,3.2,6.0,215,20,26,3450,107,178
Mercedes-Benz,C320 4dr,Sedan,Europe,All,38830.0,36162.0,3.2,6.0,215,19,27,3450,107,178
Mercedes-Benz,C32 AMG 4dr,Sedan,Europe,Rear,52120.0,48522.0,3.2,6.0,349,16,21,3540,107,178
Mercedes-Benz,CL500 2dr,Sedan,Europe,Rear,94820.0,88324.0,5.0,8.0,302,16,24,4085,114,196
Mercedes-Benz,CL600 2dr,Sedan,Europe,Rear,128420.0,119600.0,5.5,12.0,493,13,19,4473,114,196
Mercedes-Benz,CLK320 coupe 2dr (convertible),Sedan,Europe,Rear,45707.0,41966.0,3.2,6.0,215,20,26,3770,107,183
Mercedes-Benz,CLK500 coupe 2dr (convertible),Sedan,Europe,Rear,52800.0,49104.0,5.0,8.0,302,17,22,3585,107,183
Mercedes-Benz,E320 4dr,Sedan,Europe,Rear,48170.0,44849.0,3.2,6.0,221,19,27,3635,112,190
Mercedes-Benz,E500 4dr,Sedan,Europe,Rear,57270.0,53382.0,5.0,8.0,302,16,20,3815,112,190
Mercedes-Benz,S430 4dr,Sedan,Europe,Rear,74320.0,69168.0,4.3,8.0,275,18,26,4160,122,203
Mercedes-Benz,S500 4dr,Sedan,Europe,All,86970.0,80939.0,5.0,8.0,302,16,24,4390,122,203
Mercedes-Benz,SL500 convertible 2dr,Sports,Europe,Rear,90520.0,84325.0,5.0,8.0,302,16,23,4065,101,179
Mercedes-Benz,SL55 AMG 2dr,Sports,Europe,Rear,121770.0,113388.0,5.5,8.0,493,14,21,4235,101,179
Mercedes-Benz,SL600 convertible 2dr,Sports,Europe,Rear,126670.0,117854.0,5.5,12.0,493,13,19,4429,101,179
Mercedes-Benz,SLK230 convertible 2dr,Sports,Europe,Rear,40320.0,37548.0,2.3,4.0,192,21,29,3055,95,158
Mercedes-Benz,SLK32 AMG 2dr,Sports,Europe,Rear,56170.0,52289.0,3.2,6.0,349,17,22,3220,95,158
Mercedes-Benz,C240,Wagon,Europe,Rear,33780.0,31466.0,2.6,6.0,168,19,25,3470,107,179
Mercedes-Benz,E320,Wagon,Europe,Rear,50670.0,47174.0,3.2,6.0,221,19,27,3966,112,190
Mercedes-Benz,E500,Wagon,Europe,All,60670.0,56474.0,5.0,8.0,302,16,24,4230,112,190
Mercury,Mountaineer,SUV,USA,Front,29995.0,27317.0,4.0,6.0,210,16,21,4374,114,190
Mercury,Sable GS 4dr,Sedan,USA,Front,21595.0,19848.0,3.0,6.0,155,20,27,3308,109,200
Mercury,Grand Marquis GS 4dr,Sedan,USA,Rear,24695.0,23217.0,4.6,8.0,224,17,25,4052,115,212
Mercury,Grand Marquis LS Premium 4dr,Sedan,USA,Rear,29595.0,27148.0,4.6,8.0,224,17,25,4052,115,212
Mercury,Sable LS Premium 4dr,Sedan,USA,Front,23895.0,21918.0,3.0,6.0,201,19,26,3315,109,200
Mercury,Grand Marquis LS Ultimate 4dr,Sedan,USA,Rear,30895.0,28318.0,4.6,8.0,224,17,25,4052,115,212
Mercury,Marauder 4dr,Sedan,USA,Rear,34495.0,31558.0,4.6,8.0,302,17,23,4195,115,212
Mercury,Monterey Luxury,Sedan,USA,Front,33995.0,30846.0,4.2,6.0,201,16,23,4340,121,202
Mercury,Sable GS,Wagon,USA,Front,22595.0,20748.0,3.0,6.0,155,19,26,3488,109,198
Mitsubishi,Endeavor XLS,SUV,Asia,All,30492.0,28330.0,3.8,6.0,215,17,21,4134,109,190
Mitsubishi,Montero XLS,SUV,Asia,All,33112.0,30763.0,3.8,6.0,215,15,19,4718,110,190
Mitsubishi,Outlander LS,SUV,Asia,Front,18892.0,17569.0,2.4,4.0,160,21,27,3240,103,179
Mitsubishi,Lancer ES 4dr,Sedan,Asia,Front,14622.0,13751.0,2.0,4.0,120,25,31,2656,102,181
Mitsubishi,Lancer LS 4dr,Sedan,Asia,Front,16722.0,15718.0,2.0,4.0,120,25,31,2795,102,181
Mitsubishi,Galant ES 2.4L 4dr,Sedan,Asia,Front,19312.0,17957.0,2.4,4.0,160,23,30,3351,108,191
Mitsubishi,Lancer OZ Rally 4dr auto,Sedan,Asia,Front,17232.0,16196.0,2.0,4.0,120,25,31,2744,102,181
Mitsubishi,Diamante LS 4dr,Sedan,Asia,Front,29282.0,27250.0,3.5,6.0,205,18,25,3549,107,194
Mitsubishi,Galant GTS 4dr,Sedan,Asia,Front,25700.0,23883.0,3.8,6.0,230,18,26,3649,108,191
Mitsubishi,Eclipse GTS 2dr,Sports,Asia,Front,25092.0,23456.0,3.0,6.0,210,21,28,3241,101,177
Mitsubishi,Eclipse Spyder GT convertible 2dr,Sports,Asia,Front,26992.0,25218.0,3.0,6.0,210,21,28,3296,101,177
Mitsubishi,Lancer Evolution 4dr,Sports,Asia,Front,29562.0,27466.0,2.0,4.0,271,18,26,3263,103,179
Mitsubishi,Lancer Sportback LS,Wagon,Asia,Front,17495.0,16295.0,2.4,4.0,160,25,31,3020,102,181
Nissan,Pathfinder Armada SE,SUV,Asia,Front,33840.0,30815.0,5.6,8.0,305,13,19,5013,123,207
Nissan,Pathfinder SE,SUV,Asia,Front,27339.0,25972.0,3.5,6.0,240,16,21,3871,106,183
Nissan,Xterra XE V6,SUV,Asia,Front,20939.0,19512.0,3.3,6.0,180,17,20,3760,104,178
Nissan,Sentra 1.8 4dr,Sedan,Asia,Front,12740.0,12205.0,1.8,4.0,126,28,35,2513,100,178
Nissan,Sentra 1.8 S 4dr,Sedan,Asia,Front,14740.0,13747.0,1.8,4.0,126,28,35,2581,100,178
Nissan,Altima S 4dr,Sedan,Asia,Front,19240.0,18030.0,2.5,4.0,175,21,26,3039,110,192
Nissan,Sentra SE-R 4dr,Sedan,Asia,Front,17640.0,16444.0,2.5,4.0,165,23,28,2761,100,178
Nissan,Altima SE 4dr,Sedan,Asia,Front,23290.0,21580.0,3.5,6.0,245,21,26,3197,110,192
Nissan,Maxima SE 4dr,Sedan,Asia,Front,27490.0,25182.0,3.5,6.0,265,20,28,3473,111,194
Nissan,Maxima SL 4dr,Sedan,Asia,Front,29440.0,26966.0,3.5,6.0,265,20,28,3476,111,194
Nissan,Quest S,Sedan,Asia,Front,24780.0,22958.0,3.5,6.0,240,19,26,4012,124,204
Nissan,Quest SE,Sedan,Asia,Front,32780.0,30019.0,3.5,6.0,240,18,25,4175,124,204
Nissan,350Z coupe 2dr,Sports,Asia,Rear,26910.0,25203.0,3.5,6.0,287,20,26,3188,104,169
Nissan,350Z Enthusiast convertible 2dr,Sports,Asia,Rear,34390.0,31845.0,3.5,6.0,287,20,26,3428,104,169
Nissan,Frontier King Cab XE V6,Truck,Asia,All,19479.0,18253.0,3.3,6.0,180,17,20,3932,116,191
Nissan,Titan King Cab XE,Truck,Asia,All,26650.0,24926.0,5.6,8.0,305,14,18,5287,140,224
Nissan,Murano SL,Wagon,Asia,Rear,28739.0,27300.0,3.5,6.0,245,20,25,3801,111,188
Oldsmobile,Alero GX 2dr,Sedan,USA,Front,18825.0,17642.0,2.2,4.0,140,24,32,2946,107,187
Oldsmobile,Alero GLS 2dr,Sedan,USA,Front,23675.0,21485.0,3.4,6.0,170,20,29,3085,107,187
Oldsmobile,Silhouette GL,Sedan,USA,Front,28790.0,26120.0,3.4,6.0,185,19,26,3948,120,201
Pontiac,Aztekt,SUV,USA,Front,21595.0,19810.0,3.4,6.0,185,19,26,3779,108,182
Pontiac,Sunfire 1SA 2dr,Sedan,USA,Front,15495.0,14375.0,2.2,4.0,140,24,33,2771,104,182
Pontiac,Grand Am GT 2dr,Sedan,USA,Front,22450.0,20595.0,3.4,6.0,175,20,29,3118,107,186
Pontiac,Grand Prix GT1 4dr,Sedan,USA,Front,22395.0,20545.0,3.8,6.0,200,20,30,3477,111,198
Pontiac,Sunfire 1SC 2dr,Sedan,USA,Front,17735.0,16369.0,2.2,4.0,140,24,33,2771,104,182
Pontiac,Grand Prix GT2 4dr,Sedan,USA,Front,24295.0,22284.0,3.8,6.0,200,20,30,3484,111,198
Pontiac,Bonneville GXP 4dr,Sedan,USA,Front,35995.0,32997.0,4.6,8.0,275,17,20,3790,112,203
Pontiac,Montana,Sedan,USA,Front,23845.0,21644.0,3.4,6.0,185,19,26,3803,112,187
Pontiac,Montana EWB,Sedan,USA,All,31370.0,28454.0,3.4,6.0,185,18,24,4431,121,201
Pontiac,GTO 2dr,Sports,USA,Rear,33500.0,30710.0,5.7,8.0,340,16,20,3725,110,190
Pontiac,Vibe,Wagon,USA,Rear,17045.0,15973.0,1.8,4.0,130,29,36,2701,102,172
Porsche,Cayenne S,SUV,Europe,All,56665.0,49865.0,4.5,8.0,340,14,18,4950,112,188
Porsche,911 Carrera convertible 2dr (coupe),Sports,Europe,Rear,79165.0,69229.0,3.6,6.0,315,18,26,3135,93,175
Porsche,911 Carrera 4S coupe 2dr (convert),Sports,Europe,All,84165.0,72206.0,3.6,6.0,315,17,24,3240,93,175
Porsche,911 Targa coupe 2dr,Sports,Europe,Rear,76765.0,67128.0,3.6,6.0,315,18,26,3119,93,175
Porsche,911 GT2 2dr,Sports,Europe,Rear,192465.0,173560.0,3.6,6.0,477,17,24,3131,93,175
Porsche,Boxster convertible 2dr,Sports,Europe,Rear,43365.0,37886.0,2.7,6.0,228,20,29,2811,95,170
Porsche,Boxster S convertible 2dr,Sports,Europe,Rear,52365.0,45766.0,3.2,6.0,258,18,26,2911,95,170
Saab,9-3 Arc Sport 4dr,Sedan,Europe,Front,30860.0,29269.0,2.0,4.0,210,20,28,3175,105,183
Saab,9-3 Aero 4dr,Sedan,Europe,Front,33360.0,31562.0,2.0,4.0,210,20,28,3175,105,183
Saab,9-5 Arc 4dr,Sedan,Europe,Front,35105.0,33011.0,2.3,4.0,220,21,29,3470,106,190
Saab,9-5 Aero 4dr,Sedan,Europe,Front,39465.0,37721.0,2.3,4.0,250,21,29,3470,106,190
Saab,9-3 Arc convertible 2dr,Sedan,Europe,Front,40670.0,38520.0,2.0,4.0,210,21,29,3480,105,182
Saab,9-3 Aero convertible 2dr,Sedan,Europe,Front,43175.0,40883.0,2.0,4.0,210,21,30,3700,105,182
Saab,9-5 Aero,Wagon,Europe,Front,40845.0,38376.0,2.3,4.0,250,19,29,3620,106,190
Saturn,VUE,SUV,USA,All,20585.0,19238.0,2.2,4.0,143,21,26,3381,107,181
Saturn,Ion1 4dr,Sedan,USA,Front,10995.0,10319.0,2.2,4.0,140,26,35,2692,103,185
Saturn,lon2 4dr,Sedan,USA,Front,14300.0,13393.0,2.2,4.0,140,26,35,2692,103,185
Saturn,lon3 4dr,Sedan,USA,Front,15825.0,14811.0,2.2,4.0,140,26,35,2692,103,185
Saturn,lon2 quad coupe 2dr,Sedan,USA,Front,14850.0,13904.0,2.2,4.0,140,26,35,2751,103,185
Saturn,lon3 quad coupe 2dr,Sedan,USA,Front,16350.0,15299.0,2.2,4.0,140,26,35,2751,103,185
Saturn,L300-2 4dr,Sedan,USA,Front,21410.0,19801.0,3.0,6.0,182,20,28,3197,107,190
Saturn,L300 2,Wagon,USA,Front,23560.0,21779.0,2.2,4.0,140,24,34,3109,107,190
Scion,xA 4dr hatch,Sedan,Asia,Front,12965.0,12340.0,1.5,4.0,108,32,38,2340,93,154
Scion,xB,Wagon,Asia,Front,14165.0,13480.0,1.5,4.0,108,31,35,2425,98,155
Subaru,Impreza 2.5 RS 4dr,Sedan,Asia,All,19945.0,18399.0,2.5,4.0,165,22,28,2965,99,174
Subaru,Legacy L 4dr,Sedan,Asia,All,20445.0,18713.0,2.5,4.0,165,21,28,3285,104,184
Subaru,Legacy GT 4dr,Sedan,Asia,All,25645.0,23336.0,2.5,4.0,165,21,28,3395,104,184
Subaru,Outback Limited Sedan 4dr,Sedan,Asia,All,27145.0,24687.0,2.5,4.0,165,20,27,3495,104,184
Subaru,Outback H6 4dr,Sedan,Asia,All,29345.0,26660.0,3.0,6.0,212,19,26,3610,104,184
Subaru,Outback H-6 VDC 4dr,Sedan,Asia,All,31545.0,28603.0,3.0,6.0,212,19,26,3630,104,184
Subaru,Impreza WRX 4dr,Sports,Asia,All,25045.0,23022.0,2.0,4.0,227,20,27,3085,99,174
Subaru,Impreza WRX STi 4dr,Sports,Asia,All,31545.0,29130.0,2.5,4.0,300,18,24,3263,100,174
Subaru,Baja,Truck,Asia,All,24520.0,22304.0,2.5,4.0,165,21,28,3485,104,193
Subaru,Forester X,Wagon,Asia,All,21445.0,19646.0,2.5,4.0,165,21,28,3090,99,175
Subaru,Outback,Wagon,Asia,All,23895.0,21773.0,2.5,4.0,165,21,28,3430,104,187
Suzuki,XL-7 EX,SUV,Asia,Front,23699.0,22307.0,2.7,6.0,185,18,22,3682,110,187
Suzuki,Vitara LX,SUV,Asia,All,17163.0,16949.0,2.5,6.0,165,19,22,3020,98,163
Suzuki,Aeno S 4dr,Sedan,Asia,Front,12884.0,12719.0,2.3,4.0,155,25,31,2676,98,171
Suzuki,Aerio LX 4dr,Sedan,Asia,Front,14500.0,14317.0,2.3,4.0,155,25,31,2676,98,171
Suzuki,Forenza S 4dr,Sedan,Asia,Front,12269.0,12116.0,2.0,4.0,119,24,31,2701,102,177
Suzuki,Forenza EX 4dr,Sedan,Asia,Front,15568.0,15378.0,2.0,4.0,119,22,30,2756,102,177
Suzuki,Verona LX 4dr,Sedan,Asia,Front,17262.0,17053.0,2.5,6.0,155,20,27,3380,106,188
Suzuki,Aerio SX,Wagon,Asia,All,16497.0,16291.0,2.3,4.0,155,24,29,2932,98,167
Toyota,Prius 4dr (gas/electric),Hybrid,Asia,Front,20510.0,18926.0,1.5,4.0,110,59,51,2890,106,175
Toyota,Sequoia SR5,SUV,Asia,All,35695.0,31827.0,4.7,8.0,240,14,17,5270,118,204
Toyota,4Runner SR5 V6,SUV,Asia,Front,27710.0,24801.0,4.0,6.0,245,18,21,4035,110,189
Toyota,Highlander V6,SUV,Asia,All,27930.0,24915.0,3.3,6.0,230,18,24,3935,107,185
Toyota,Land Cruiser,SUV,Asia,All,54765.0,47986.0,4.7,8.0,325,13,17,5390,112,193
Toyota,RAV4,SUV,Asia,All,20290.0,18553.0,2.4,4.0,161,22,27,3119,98,167
Toyota,Corolla CE 4dr,Sedan,Asia,Front,14085.0,13065.0,1.8,4.0,130,32,40,2502,102,178
Toyota,Corolla S 4dr,Sedan,Asia,Front,15030.0,13650.0,1.8,4.0,130,32,40,2524,102,178
Toyota,Corolla LE 4dr,Sedan,Asia,Front,15295.0,13889.0,1.8,4.0,130,32,40,2524,102,178
Toyota,Echo 2dr manual,Sedan,Asia,Front,10760.0,10144.0,1.5,4.0,108,35,43,2035,93,163
Toyota,Echo 2dr auto,Sedan,Asia,Front,11560.0,10896.0,1.5,4.0,108,33,39,2085,93,163
Toyota,Echo 4dr,Sedan,Asia,Front,11290.0,10642.0,1.5,4.0,108,35,43,2055,93,163
Toyota,Camry LE 4dr,Sedan,Asia,Front,19560.0,17558.0,2.4,4.0,157,24,33,3086,107,189
Toyota,Camry LE V6 4dr,Sedan,Asia,Front,22775.0,20325.0,3.0,6.0,210,21,29,3296,107,189
Toyota,Camry Solara SE 2dr,Sedan,Asia,Front,19635.0,17722.0,2.4,4.0,157,24,33,3175,107,193
Toyota,Camry Solara SE V6 2dr,Sedan,Asia,Front,21965.0,19819.0,3.3,6.0,225,20,29,3417,107,193
Toyota,Avalon XL 4dr,Sedan,Asia,Front,26560.0,23693.0,3.0,6.0,210,21,29,3417,107,192
Toyota,Camry XLE V6 4dr,Sedan,Asia,Front,25920.0,23125.0,3.0,6.0,210,21,29,3362,107,189
Toyota,Camry Solara SLE V6 2dr,Sedan,Asia,Front,26510.0,23908.0,3.3,6.0,225,20,29,3439,107,193
Toyota,Avalon XLS 4dr,Sedan,Asia,Front,30920.0,27271.0,3.0,6.0,210,21,29,3439,107,192
Toyota,Sienna CE,Sedan,Asia,Front,23495.0,21198.0,3.3,6.0,230,19,27,4120,119,200
Toyota,Sienna XLE Limited,Sedan,Asia,Front,28800.0,25690.0,3.3,6.0,230,19,27,4165,119,200
Toyota,Celica GT-S 2dr,Sports,Asia,Front,22570.0,20363.0,1.8,4.0,180,24,33,2500,102,171
Toyota,MR2 Spyder convertible 2dr,Sports,Asia,Rear,25130.0,22787.0,1.8,4.0,138,26,32,2195,97,153
Toyota,Tacoma,Truck,Asia,Rear,12800.0,11879.0,2.4,4.0,142,22,27,2750,103,191
Toyota,Tundra Regular Cab V6,Truck,Asia,Rear,16495.0,14978.0,3.4,6.0,190,16,18,3925,128,218
Toyota,Tundra Access Cab V6 SR5,Truck,Asia,All,25935.0,23520.0,3.4,6.0,190,14,17,4435,128,218
Toyota,Matrix XR,Wagon,Asia,Front,16695.0,15156.0,1.8,4.0,130,29,36,2679,102,171
Volkswagen,Touareg V6,SUV,Europe,All,35515.0,32243.0,3.2,6.0,220,15,20,5086,112,187
Volkswagen,Golf GLS 4dr,Sedan,Europe,Front,18715.0,17478.0,2.0,4.0,115,24,31,2897,99,165
Volkswagen,GTI 1.8T 2dr hatch,Sedan,Europe,Front,19825.0,18109.0,1.8,4.0,180,24,31,2934,99,168
Volkswagen,Jetta GLS TDI 4dr,Sedan,Europe,Front,21055.0,19638.0,1.9,4.0,100,38,46,3003,99,172
Volkswagen,New Beetle GLS 1.8T 2dr,Sedan,Europe,Front,21055.0,19638.0,1.8,4.0,150,24,31,2820,99,161
Volkswagen,Jetta GLI VR6 4dr,Sedan,Europe,Front,23785.0,21686.0,2.8,6.0,200,21,30,3179,99,172
Volkswagen,New Beetle GLS convertible 2dr,Sedan,Europe,Front,23215.0,21689.0,2.0,4.0,115,24,30,3082,99,161
Volkswagen,Passat GLS 4dr,Sedan,Europe,Front,23955.0,21898.0,1.8,4.0,170,22,31,3241,106,185
Volkswagen,Passat GLX V6 4MOTION 4dr,Sedan,Europe,Front,33180.0,30583.0,2.8,6.0,190,19,26,3721,106,185
Volkswagen,Passat W8 4MOTION 4dr,Sedan,Europe,Front,39235.0,36052.0,4.0,8.0,270,18,25,3953,106,185
Volkswagen,Phaeton 4dr,Sedan,Europe,Front,65000.0,59912.0,4.2,8.0,335,16,22,5194,118,204
Volkswagen,Phaeton W12 4dr,Sedan,Europe,Front,75000.0,69130.0,6.0,12.0,420,12,19,5399,118,204
Volkswagen,Jetta GL,Wagon,Europe,Front,19005.0,17427.0,2.0,4.0,115,24,30,3034,99,174
Volkswagen,Passat GLS 1.8T,Wagon,Europe,Front,24955.0,22801.0,1.8,4.0,170,22,31,3338,106,184
Volkswagen,Passat W8,Wagon,Europe,Front,40235.0,36956.0,4.0,8.0,270,18,25,4067,106,184
Volvo,XC90 T6,SUV,Europe,All,41250.0,38851.0,2.9,6.0,268,15,20,4638,113,189
Volvo,S40 4dr,Sedan,Europe,Front,25135.0,23701.0,1.9,4.0,170,22,29,2767,101,178
Volvo,S60 2.5 4dr,Sedan,Europe,All,31745.0,29916.0,2.5,5.0,208,20,27,3903,107,180
Volvo,S60 T5 4dr,Sedan,Europe,Front,34845.0,32902.0,2.3,5.0,247,20,28,3766,107,180
Volvo,S60 R 4dr,Sedan,Europe,All,37560.0,35382.0,2.5,5.0,300,18,25,3571,107,181
Volvo,S80 2.9 4dr,Sedan,Europe,Front,37730.0,35542.0,2.9,6.0,208,20,28,3576,110,190
Volvo,S80 2.5T 4dr,Sedan,Europe,All,37885.0,35688.0,2.5,5.0,194,20,27,3691,110,190
Volvo,C70 LPT convertible 2dr,Sedan,Europe,Front,40565.0,38203.0,2.4,5.0,197,21,28,3450,105,186
Volvo,C70 HPT convertible 2dr,Sedan,Europe,Front,42565.0,40083.0,2.3,5.0,242,20,26,3450,105,186
Volvo,S80 T6 4dr,Sedan,Europe,Front,45210.0,42573.0,2.9,6.0,268,19,26,3653,110,190
Volvo,V40,Wagon,Europe,Front,26135.0,24641.0,1.9,4.0,170,22,29,2822,101,180
Volvo,XC70,Wagon,Europe,All,35145.0,33112.0,2.5,5.0,208,20,27,3823,109,186
